County,Existence
Stewart,Exists
Robertson,Exists
Sumner,Exists
Montgomery,Exists
Macon,Exists
Clay,Exists
Pickett,Exists
Sullivan,Exists
Johnson,Exists
Scott,Exists
Claiborne,Exists
Hancock,Exists
Hawkins,Exists
Campbell,Exists
Fentress,Exists
Overton,Exists
Jackson,Exists
Carter,Exists
Obion,Exists
Lake,Exists
Weakley,Exists
Henry,Exists
Trousdale,Exists
Cheatham,Exists
Washington,Exists
Union,Exists
Smith,Exists
Grainger,Exists
Greene,Exists
Davidson,Exists
Morgan,Exists
Houston,Exists
Benton,Exists
Wilson,Exists
Hamblen,Exists
Dickson,Exists
Putnam,Exists
Anderson,Exists
Unicoi,Exists
Humphreys,Exists
Gibson,Exists
Dyer,Exists
Jefferson,Exists
Knox,Exists
Cocke,Exists
Cumberland,Exists
Carroll,Exists
Dekalb,Exists
Rutherford,Exists
White,Exists
Williamson,Exists
Roane,Exists
Sevier,Exists
Crockett,Exists
Hickman,Exists
Cannon,Exists
Lauderdale,Exists
Loudon,Exists
Blount,Exists
Warren,Exists
Maury,Exists
Decatur,Exists
Perry,Exists
Rhea,Exists
Henderson,Exists
Haywood,Exists
Van_Buren,Exists
Madison,Exists
Bledsoe,Exists
Meigs,Exists
Marshall,Exists
Coffee,Exists
Bedford,Exists
Monroe,Exists
Lewis,Exists
Tipton,Exists
McMinn,Exists
Chester,Exists
Sequatchie,Exists
Grundy,Exists
Wayne,Exists
Hamilton,Exists
Lawrence,Exists
Giles,Exists
Hardeman,Exists
Hardin,Exists
Moore,Exists
Shelby,Exists
Fayette,Exists
McNairy,Exists
Lincoln,Exists
Franklin,Exists
Bradley,Exists
Marion,Exists
Polk,Exists